<?xml version="1.0" encoding="UTF-8"?>
<project-private xmlns="http://www.netbeans.org/ns/project-private/1">
    <editor-bookmarks xmlns="http://www.netbeans.org/ns/editor-bookmarks/2" lastBookmarkId="0"/>
    <open-files xmlns="http://www.netbeans.org/ns/projectui-open-files/2">
        <group>
            <file>file:/C:/Users/Demo3/Documents/NetBeansProjects/gym/web/register.jsp</file>
            <file>file:/C:/Users/Demo3/Documents/NetBeansProjects/gym/web/adminlogin.jsp</file>
            <file>file:/C:/Users/Demo3/Documents/NetBeansProjects/gym/web/login.jsp</file>
            <file>file:/C:/Users/Demo3/Documents/NetBeansProjects/gym/web/services.jsp</file>
            <file>file:/C:/Users/Demo3/Documents/NetBeansProjects/gym/web/index.jsp</file>
            <file>file:/C:/Users/Demo3/Documents/NetBeansProjects/gym/web/about.jsp</file>
            <file>file:/C:/Users/Demo3/Documents/NetBeansProjects/gym/web/create-user.jsp</file>
        </group>
    </open-files>
</project-private>
