<?xml version="1.0" encoding="ISO-8859-1"?>
<!-- <!DOCTYPE resources SYSTEM "jchatboxresources.dtd">  -->
<resources>
    <!-- Resources matching to login.jsp -->
    <element>
        <name>login.date.format</name>
        <value>yyyy/MM/dd HH:mm</value>
    </element>
    <element>
        <name>login.title</name>
        <value>Chat Login</value>
    </element>
    <element>
        <name>login.username.label</name>
        <value>Alias : </value>
    </element>
    <element>
        <name>login.join.link</name>
        <value>Enter</value>
    </element>
    <element>
        <name>login.join.label</name>
        <value> chatroom : </value>
    </element>
    <element>
        <name>login.list.label</name>
        <value>Selecteer een chatroom</value>
    </element>
    <element>
        <name>login.chatroom.label</name>
        <value>Chatroom : </value>
    </element>
    <element>
        <name>login.open.label</name>
        <value>geopend : </value>
    </element>
    <element>
        <name>login.subject.label</name>
        <value>Onderwerp : </value>
    </element>
    <element>
        <name>login.useramount.label</name>
        <value>Ingelogde gebruikers : </value>
    </element>
    <element>
        <name>login.userlimit.label</name>
        <value>Toegestane chatters : </value>
    </element>
    <element>
        <name>login.chatroomnotfound.error</name>
        <value>CHATROOM NIET GEVONDEN.</value>
    </element>
    <element>
        <name>login.closed.error</name>
        <value>CHATROOM IS GESLOTEN.</value>
    </element>
    <element>
        <name>login.novacancies.error</name>
        <value>CHATROOM IS VOL.</value>
    </element>
    <element>
        <name>login.namenotavailable.error</name>
        <value>NAAM IS NIET BESCHIKBAAR.</value>
    </element>
    <element>
        <name>login.banned.error</name>
        <value>U BENT VERBANNEN.</value>
    </element>
    <!-- Resources matching to chatroom.jsp -->
    <element>
        <name>chatroom.date.format</name>
        <value>yyyy/MM/dd HH:mm</value>
    </element>
    <element>
        <name>chatroom.title</name>
        <value>Chat Inhoud</value>
    </element>
    <element>
        <name>chatroom.join.label</name>
        <value> is de chatroom binnegekomen.</value>
    </element>
    <element>
        <name>chatroom.quit.label</name>
        <value>Heeft de chatroom verlaten.</value>
    </element>
    <element>
        <name>chatroom.userlist.label</name>
        <value>Gebruikers : </value>
    </element>
    <!-- Resources matching to text.jsp -->
    <element>
        <name>board.date.format</name>
        <value>yyyy/MM/dd HH:mm</value>
    </element>
    <element>
        <name>board.title</name>
        <value>Chat Board</value>
    </element>
    <element>
        <name>board.chatroom.label</name>
        <value>Chatroom : </value>
    </element>
    <element>
        <name>board.date.label</name>
        <value>Geopend sinds : </value>
    </element>
    <element>
        <name>board.subject.label</name>
        <value>Onderwerp : </value>
    </element>
    <element>
        <name>board.message.label</name>
        <value>Bericht : </value>
    </element>
    <element>
        <name>board.send.link</name>
        <value>Verstuur</value>
    </element>
    <element>
        <name>board.send.label</name>
        <value> Aan alle chatters</value>
    </element>
    <element>
        <name>board.refresh.link</name>
        <value>Vernieuwen</value>
    </element>
    <element>
        <name>board.logout.link</name>
        <value>uit Loggen</value>
    </element>
    <!-- Resources matching to private.jsp -->
    <element>
        <name>privateboard.date.format</name>
        <value>yyyy/MM/dd</value>
    </element>
    <element>
        <name>privateboard.title</name>
        <value>Prive berichten</value>
    </element>
    <element>
        <name>privateboard.chatroom.label</name>
        <value>Chatroom : </value>
    </element>
    <element>
        <name>privateboard.date.label</name>
        <value>Geopend sinds : </value>
    </element>
    <element>
        <name>privateboard.subject.label</name>
        <value>Onderwerp : </value>
    </element>
    <element>
        <name>privateboard.message.label</name>
        <value>Bericht : </value>
    </element>
    <element>
        <name>privateboard.send.link</name>
        <value>Verstuur</value>
    </element>
    <element>
        <name>privateboard.send.label</name>
        <value> Aan : </value>
    </element>
    <element>
        <name>privateboard.close.label</name>
        <value>Sluit dit venster</value>
    </element>
    <element>
        <name>privateboard.comment.label</name>
        <value>Berichten die vanuit deze box worden verstuurd zijn prive.</value>
    </element>
    <!-- Resources commands -->
    <element>
        <name>user.command.time.format</name>
        <value>yyyy/MM/dd HH:mm:ss</value>
    </element>
    <element>
        <name>user.command.time.help</name>
        <value>Geef de server tijd</value>
    </element>
    <element>
        <name>user.command.chat.help</name>
        <value>Sends message to recipient</value>
    </element>
    <element>
        <name>user.command.refresh.help</name>
        <value>Vernieuw de inhoud van de chatbox</value>
    </element>
    <element>
        <name>user.command.quit.help</name>
        <value>Verlaat de huidige chatroom</value>
    </element>
    <element>
        <name>user.command.logout.help</name>
        <value>Verlaat de chatroom</value>
    </element>
    <element>
        <name>moderator.command.generatetranscript.help</name>
        <value>Dumpt inhoud van de chatbox naar bestand</value>
    </element>
    <element>
        <name>moderator.command.openchatroom.help</name>
        <value>opent een nieuwe chatbox</value>
    </element>
    <element>
        <name>moderator.command.clearchatroom.help</name>
        <value>Verschoont de huidige chatbox</value>
    </element>
    <element>
        <name>moderator.command.closechatroom.help</name>
        <value>Sluit de huidige chatbox</value>
    </element>
    <element>
        <name>moderator.command.kickoff.help</name>
        <value>Kicks off gebruiker van de chatroom</value>
    </element>
    <element>
        <name>moderator.command.ban.help</name>
        <value>Verband gebnruiker uit de chatroom</value>
    </element>
    <element>
        <name>moderator.command.clear.help</name>
        <value>wist banlijst van de huidige chatroom</value>
    </element>
    <element>
        <name>system.command.backup.help</name>
        <value>Maak backup van alle chatboxen</value>
    </element>
    <element>
        <name>system.command.addmoderator.help</name>
        <value>Voegt een nieuwe moderator toe</value>
    </element>
    <element>
        <name>system.command.updatemoderator.help</name>
        <value>wijzigt een moderator</value>
    </element>
    <element>
        <name>system.command.removemoderator.help</name>
        <value>Verwijdert een moderator</value>
    </element>
    <element>
        <name>system.command.updatesystem.help</name>
        <value>Systeem parameters wijzigen</value>
    </element>
    <!-- Global resources -->
    <element>
        <name>global.encoding</name>
        <value>iso-8859-1</value>
    </element>
</resources>
